textid,Words (split by space),anger,disgust,fear,joy,sad,surprise
1,senator carl krueger thinks ipods can kill you,0.13131196820636853,0.07564594102148472,0.04057137729524639,0.2137481675980716,0.14355055685928314,0.3951719890195456
2,who is prince frederic von anhalt,0.12202908379314775,0.1771537873587422,0.043682971488807225,0.16568912644478337,0.3086694738519084,0.182775557062611
3,prestige has magic touch,0.0,0.0,0.02089069799878313,0.41458951266038807,0.17005047426689324,0.3944693150739356
4,study female seals picky about mates,0.023488296538968296,0.030458743015762367,0.05687463131792827,0.42359615861846894,0.0923784759232385,0.3732036945856335
5,no e book for harry potter vii,0.09389871046959862,0.08948205597351852,0.03752423046265107,0.2974078206990739,0.2060692774288978,0.27561790496626004
6,blair apologises over friendly fire inquest,0.09924734402586276,0.04127724348228561,0.26861987849903507,0.0,0.4829413294625417,0.10791420453027485
7,vegetables may boost brain power in older adults,0.0,0.0,0.0926,0.4444,0.0,0.463
8,afghan forces retake town that was overrun by taliban,0.1002038210292903,0.008749601424906888,0.40771800679212217,0.008749601424906888,0.4394656045972237,0.035113364731549926
9,skip the showers male sweat turns women on study says,0.0,0.11387492024230754,0.0,0.13747481633202602,0.0,0.7486502634256667
10,made in china irks some burberry shoppers,0.10560969569116034,0.1277601882099686,0.18863796374736908,0.22278087461904522,0.1001805042800799,0.25503077345237674
11,britain to restrict immigrants from new eu members,0.13815664007275705,0.03694875535935858,0.30904828948642254,0.1550441355212444,0.21551102858205262,0.14529115097816475
12,canadian breakthrough offers hope on autism,0.05758960433972648,0.0,0.11688874945736902,0.3184967708547022,0.11046362309386967,0.3965612522543326
13,russia to strengthen its military muscle,0.1213501931627763,0.07094813519528724,0.31711120579238533,0.15046840013295287,0.1887590694602077,0.15136299625639058
14,alzheimer s drugs offer no help study finds,0.1325186301931231,0.0658997337819545,0.20389576941710455,0.21883524003389385,0.22212388400508365,0.15672674256884056
15,uk police slammed over terror raid,0.1670502466897314,0.13598866678221475,0.4160821377475447,0.019064318282685275,0.21349241966701735,0.048322210830806345
16,no rejects police state claim,0.18825035369015058,0.13266812195331876,0.38570404878111836,0.016588176874719633,0.1558166982620562,0.12097260043863646
17,oprah announces new book club pick,0.06281590032561887,0.1146590091253482,0.07121476323350409,0.3972556901057335,0.1658868451475891,0.18816779206220607
18,smith can t be buried until hearing,0.12783722341700593,0.017219904923823255,0.18183985705784408,0.054263340659553204,0.19650742961221734,0.422332244329556
19,african nation hopes whoopi can help,0.031286539066578495,0.00854357489407843,0.13794859276794522,0.4086596525191483,0.14820606068351913,0.26535558006873033
20,tourism lags in bush s hometown,0.10104069620819581,0.06735551604721357,0.14303905962090685,0.3903624559075313,0.1259174367531766,0.17228483546297574
21,air france klm profit rises,0.28280550539679167,0.04389956255657308,0.13936185923057712,0.26462163298940083,0.1502290041588825,0.11908243566777464
22,au regrets sudan s expulsion of un envoy,0.07196273839521682,0.03430357157333385,0.061804730628198155,0.3439336834740894,0.08209860323417355,0.4058966726949881
23,taiwan s mr clean indicted steps down,0.13989778362465913,0.02405418358357357,0.217517352725694,0.12531208742024527,0.30949456744793374,0.18372402519789433
24,martian life could have evaded detection by viking landers,0.1176,0.0,0.0588,0.0,0.1176,0.7059
25,turner pays for boston bombing,0.09942963783492786,0.0716410478828571,0.3095750407394501,0.1532617234540414,0.1869950427913154,0.1790975072974081
26,serena misses bangalore tournament,0.29818864696599123,0.03427069073130599,0.036989850063834644,0.0,0.35601736859235106,0.27453344364651705
27,attorneys point fingers in fight between ryan o neal and son,0.01971491319167052,0.10037463338743381,0.04833387373031952,0.3468125284214449,0.22086264932001518,0.2639014019491163
28,pledge i was abused in frat hazing,0.038664910682494426,0.04454956255520029,0.22996862751321412,0.2339868772717362,0.13961175541446183,0.313218266562893
29,whistle blowing web site exposed,0.1536326256762785,0.07870688685958448,0.24209035535008305,0.138494897889193,0.17666004081112713,0.21041519341373385
30,growing unarmed battalion in qaeda army is using internet to get the message out,0.12108255473680468,0.125443935251852,0.20553047424731502,0.2735430250577259,0.18276012660540725,0.09163988410089514
31,royal rescues presidential hopes with commanding performance,0.020929516679836592,0.008375657548968645,0.041859033359673184,0.7110028558315714,0.008375657548968645,0.20945727903098163
32,minister slams airlines on carbon,0.12765604971420272,0.11752294753377356,0.11695593607930595,0.29839209206356154,0.17792002474596433,0.16155294986319166
33,audio slide show a love story lasting years,0.05776155558300571,0.03082735424322064,0.07515381862436778,0.28475070461510227,0.251907441779283,0.2995991251550205
34,fully cooked chicken strips recalled,0.4515113882379386,0.06060005959591464,0.13747749651474553,0.08251062919928606,0.12010721248463822,0.14779321396747697
35,madonna adoption bid approved,0.0,0.031168842578967477,0.03538799966393729,0.6229175001346393,0.027463077962243333,0.2830625796602124
36,rowdy fans ejected from the open,0.05457663149367058,0.0,0.0,0.7565357470779317,0.03530737947007106,0.15358024195832665
37,snow wreaks havoc in east midwest,0.10837776465496016,0.0325951410522219,0.29939576382436983,0.018431399517173302,0.17248857127730605,0.36871135967396884
38,the energy challenge exotic visions how to cool a planet maybe,0.1125067226922813,0.14007303299876991,0.21655104236137332,0.11905370652406372,0.10491805722469484,0.30689743819881654
39,libby defense upsets judge rests,0.2755494112541758,0.1627275305427652,0.10898449907545081,0.06782291649850869,0.08270804536273554,0.3022075972663641
40,briton admits u s bomb plot role,0.1767513983166215,0.12114708613026781,0.2760272959083664,0.07918339645451268,0.20094868070654787,0.14594214248368356
41,routine mission turns into hunt for missing comrade,0.019975922476073344,0.0,0.2395853115121299,0.28643565818615535,0.21738169953725464,0.23662140828838676
42,ex suspect slams anti terror laws,0.10550204891245188,0.050012734111397915,0.3172191675063476,0.2959157778558288,0.12757968595141192,0.10377058566256202
43,federer overcomes a ragged start,0.0,0.0,0.02414205547215968,0.42540479711958157,0.19960129984023764,0.3508518475680212
44,investigation of child porn site hits nations,0.19520081220967372,0.25079961800925255,0.12760816262102348,0.11657820946517053,0.16674446354266323,0.14306873415221658
45,bangladesh ends curfew amid unrest,0.4651325394165455,0.081533846973012,0.05760392669509814,0.003969435984035271,0.16295657737440572,0.2288036735569035
46,sarkozy comfort zone offers a royal opportunity,0.09527680770093976,0.04128858560629689,0.025399272976691936,0.6433946313276852,0.006359662923621315,0.18828103946476468
47,sick hearts switch on a fetal gene,0.0284866973851307,0.085825355874236,0.03870113238171094,0.3054460488848713,0.11470326527915801,0.426837500194893
48,chinese president arrives in mozambique african tour nearly over,0.0,0.0,0.0,0.7556011375493862,0.0,0.24439886245061399
49,homemade bombs kill on indian train,0.14009289079478002,0.08882987537544848,0.2346870642477558,0.0,0.39533390360009163,0.14105626598192403
50,france rejects rwandan investigators,0.35364888668307987,0.0775646473228306,0.19774518190050946,0.08044693728033381,0.19696932342669957,0.0936250233865467
51,at libby trial russert of nbc gives and gets,0.07842843957602477,0.0709731557628179,0.08081043474780689,0.3380907475609647,0.1200411604168335,0.3116560619355521
52,rare optimism as north korea talks reach crossroads,0.085203241147058,0.005799430729621383,0.19789536082149872,0.3570211762999718,0.15092287195222728,0.20315791904962252
53,for women nothing s like the smell of men s sweat,0.0,0.1882,0.0,0.1529,0.0,0.6588
54,reports harvard set to name first female president,0.040596910619486504,0.04145434669146228,0.05221951106759774,0.34275281935952173,0.08313338845423618,0.43984302380769574
55,justin timberlake cameron diaz announce split,0.4145564196751686,0.04861572257487841,0.04611541271149177,0.024982495963682856,0.3624666239659665,0.10326332510881221
56,hastert sorry for scandal but not quitting,0.06404234838929324,0.149873241849979,0.023455557901913948,0.463875351722581,0.13348698086473593,0.1652665192714971
57,world s oldest newspaper now exists only online,0.1889135986464955,0.1928240247999345,0.24882918183096675,0.014374198030325322,0.1945527022074457,0.16050629448483222
58,houston she s got some problems,0.06204361602972711,0.04703509858767128,0.11376249154660067,0.3710386488500219,0.10104285344119526,0.3050772915447838
59,firms on alert for letter bombs,0.02792287637049758,0.004121187722045699,0.21123336962770395,0.09764773853360219,0.24032975032954498,0.4187450774166055
60,study africa s internet gap getting wider,0.1497812854990175,0.12093071956754184,0.18476951761372953,0.1431857447705588,0.29709953247455473,0.10423320007459756
61,siesta cuts risk of heart disease death study finds,0.10847788907164012,0.04761354960719198,0.16090144524812258,0.34237545087394045,0.14155238380898164,0.19907928139012343
62,spain ahead although nadal is out,0.01843579752261089,0.011917460664684269,0.16219923370396586,0.4466861819471756,0.23526720327216044,0.12549412288940306
63,runway making good without making nice,0.03261681042934842,0.045316473335991925,0.0,0.538322934946404,0.11646093881946452,0.26728284246879125
64,russia plans new icbms nuclear subs,0.09599042849388233,0.06737437559559739,0.30529820587293194,0.12760620615221308,0.07206109290294466,0.3316696909824305
65,no buyer in sight for napster,0.15492028154511497,0.13080573287389263,0.09960044793137081,0.12048755362027921,0.2703857504836503,0.22380023354569198
66,outcry at n korea nuclear test,0.11246405797479206,0.057599703458813586,0.3433422743211122,0.22340924938627102,0.1495164769254655,0.11366823793354579
67,ipod good for video games,0.0,0.0,0.0023899107149368457,0.7000753860461348,0.0,0.2975347032389283
68,taking the plunge,0.0,0.02971470267183569,0.11848480613492306,0.4140606671056863,0.044319820001051856,0.3934200040865032
69,england include giles in wc squad,0.042901375111068486,0.02546116113921817,0.14293571065919755,0.2778336472893349,0.356263096071275,0.15460500972990604
70,beyonce copyright claim rejected,0.16078053745698595,0.044881842893704234,0.048453548892495577,0.19157471382448096,0.10815310111176896,0.44615625582056445
71,london market a shopping dining haven,0.06602937562313227,0.05186953968824119,0.12016122675706008,0.3278109530010082,0.23396732962088473,0.20016157530967357
72,pm havana deal a good experiment,0.2608575955847582,0.12817812130301823,0.05046406245147584,0.2880648199161257,0.19239076469038965,0.08004463605423244
73,dozens killed in baghdad bombing,0.1017962509702957,0.05458387942710014,0.26580138140213294,0.04982005198845242,0.4416440210077591,0.08635441520425984
74,damaged japanese whaling ship may resume hunting off antarctica,0.10730286205355782,0.0586883680186356,0.1969179155340838,0.14220226919367016,0.36561968449673743,0.12926890070331515
75,un nuclear watchdog slashes iran aid,0.1543960857026319,0.041541772881341005,0.30518762781366077,0.08543114411341773,0.25773174702977836,0.15571162245917008
76,toyota s scion parks in second life,0.0722635090565975,0.08206158726392226,0.13054330679449103,0.2623220084934359,0.21086386090092776,0.24194572749062568
77,telecoms giant slashes jobs,0.4315448923406363,0.0525065154406029,0.06161996887493531,0.0,0.2882450331424549,0.16608359020137053
78,canete wins inaugural joburg open,0.0,0.0,0.012229947301555091,0.8658077730479,0.0,0.12196227965054489
79,yahoo s mission quest,0.10007637226067946,0.12031231799228927,0.1496114822481232,0.20726751022640075,0.19921630575869723,0.22351601151380993
80,weekly nielsen will lost find its way back,0.08342001455281008,0.01700591148563317,0.15493164922322222,0.2031667202330872,0.2817999481903633,0.259675756314884
81,u s online love brokers eye china,0.13066879642966034,0.1346793147968957,0.2244315127523671,0.12708163441320566,0.2873431002707745,0.0957956413370968
82,amish schoolhouse torn down,0.2417602976828094,0.01672705362543584,0.1600611309565311,0.04751966244181089,0.3833455127227777,0.150586342570635
83,china cheney shores up the trilateral alliance,0.09086238483861951,0.0077410971814269765,0.12550089746822343,0.3847546218895036,0.056868093264810154,0.33427290535741644
84,g yen skates by yuan singled out,0.11977044408160553,0.10559301542376456,0.1769494066237466,0.08634481287318857,0.3393146333800592,0.1720276876176356
85,friendly fire pilot experienced,0.0366,0.0854,0.3902,0.0,0.1707,0.3171
86,updates on world s top stories,0.0,0.0,0.6667,0.0,0.0,0.3333
87,diplomat acknowledges us arrogance in iraq,0.23204852944040705,0.07515643392067269,0.22601604531602498,0.05503159279936416,0.34931982280073326,0.06242757572279777
88,madonna s new baby s daddy didn t realize adoption was for good,0.10350606081349975,0.04805985009705151,0.13282386061143522,0.27382298707296987,0.12305761775903547,0.3187296236460082
89,appeal by chinese researcher for times may soon be heard,0.08477806697751537,0.08182935994896083,0.06563403388965824,0.28106499541651864,0.23804887001342168,0.2486446737539254
90,snowbirds shortening their florida stays,0.23089074191667194,0.03697349897626586,0.06455402578449655,0.18124444834384207,0.4084085416179503,0.07792874336077328
91,oxfam action needed for chad,0.0046828083918941865,0.0,0.05689264002180745,0.5846927684801618,0.027540632885136317,0.32619115022100026
92,bush adamant on troops to iraq,0.19448285443992921,0.14591137769350987,0.295059066227033,0.10669672899961881,0.19559697759689376,0.06225299504301526
93,ukraine gas deal marred by fears,0.1270170413789572,0.050579776671552557,0.20444143152356337,0.3134398335916315,0.14151251528511483,0.16300940154918064
94,shoplifters choice police or t shirt of shame,0.08128755709943958,0.06745165829697483,0.3013612167087688,0.23941019245840614,0.09754600135593736,0.21294337408047345
95,travel chaos as heavy snow hits uk,0.07734405126895362,0.05414144182523498,0.3169040455176692,0.10556662336915229,0.3472357033127372,0.09880813470625271
96,tow truck drivers accused of stealing cars,0.03556713690300784,0.07795918409775159,0.1148678940504813,0.30908203426165654,0.2413397137691124,0.22118403691799052
97,joseph wambaugh s new start,0.0,0.007179637854559165,0.08991254050212094,0.6066328119976774,0.07521658462445253,0.22105842502118994
98,human error caused helios crash,0.1918005968854268,0.05021645068818435,0.10678467117942514,0.02112540695305645,0.5842934340530406,0.045779440240866526
99,charts is your city lean or lethargic,0.032625564469634,0.025132283965954447,0.13936435855667842,0.32516694277834224,0.05728568329710091,0.4204251669322901
100,st louis poised for entertainment upswing,0.004661691232711468,0.0,0.056633325123458325,0.6744841903262381,0.027415522094352152,0.23680527122324008
101,ivrea journal in italian town a civics lesson from pelting neighbors,0.042716096709444665,0.0,0.3046531090556849,0.26437058994653473,0.24918540646878778,0.13907479781954796
102,review virtual american idol hits right notes,0.006812699864801124,0.0,0.0,0.653596716801615,0.03523521847740575,0.30435536485617803
103,squadron apologies over friendly fire death,0.14308115966760052,0.0686184946355305,0.21079796140745802,0.010604839190366533,0.4197344545665054,0.14716309053253931
104,the breast cancer breakthrough saving women a year,0.08116935581031122,0.01873530502269791,0.15042033848253622,0.42426339906499905,0.10599405983507619,0.21941754178437947
105,abbas rejects temporary state,0.18121642415757394,0.13460955635605987,0.4548870293486499,0.01854250870768834,0.19406669958672837,0.016677781843299346
106,iraqi forces detain official suspected in shia conspiracy,0.1565437636775823,0.09721869424503937,0.19106872008553344,0.09261838446617646,0.3623910852962718,0.10015935222939673
107,congressman rebukes u s allies for lack of support in afghanistan,0.1329104974628929,0.09749613829806403,0.24713846725264219,0.16846679090825636,0.26272528383230365,0.09126282224584077
108,easy ways to really save,0.0050581860843975195,0.025389442819593513,0.08656082327615651,0.3505784653457417,0.03236200399157387,0.5000510784825368
109,real suffer carlos injury setback,0.4346618296152637,0.05288575643740846,0.017553717262465532,0.25188421040100817,0.08996280097013587,0.15305168531371846
110,marijuana may stave off alzheimer s,0.030881507873938462,0.0,0.1747878454388147,0.4102549147595384,0.2432248596802975,0.1408508722474108
111,smokestacks in a white wilderness divide iceland,0.04356096968307205,0.08629230040268658,0.07117680370437762,0.3237319833423516,0.18552785672103833,0.28971008614647376
112,paris journal smoking no longer tres chic in france,0.1398921717281491,0.0862949229633505,0.2102386705291817,0.2758864986189272,0.14350000510697158,0.14418773105341992
113,cher s dress car bed have new owners,0.025112788004896407,0.02527631571382679,0.16171736656953775,0.42410826058495804,0.1173665369194736,0.2464187322073073
114,hungarian opposition calls for vote after violence escalates,0.250012770248964,0.10380584344560899,0.2762243513281612,0.040499483286201995,0.2668197392910621,0.06263781240000149
115,freed kidnap suspect my terror at police raid,0.1536304096291684,0.10545027369704592,0.44731320718722767,0.03730951183732495,0.1852781500427776,0.07101844760645558
116,rockers big winners at brit awards,0.0,0.007948251130154021,0.051615980960328746,0.642277642405562,0.0,0.2981581255039553
117,cia leak trial summary,0.2911183464315455,0.04583929260035799,0.20045033991932962,0.10508149656669466,0.22038342269686423,0.13712710178520796
118,experts issue new heart disease guidelines for women,0.0,0.0,0.24728134507279353,0.24701347517607405,0.09792590022313408,0.4077792795279986
119,in god s name religion based tax breaks housing to paychecks to books,0.19790313635570317,0.07309311277771185,0.08491732141018729,0.15020539122274473,0.1035331820959937,0.39034785613765927
120,snow causes transport chaos in britain,0.031769286782117774,0.01559948175158786,0.35277615846949467,0.12297867874451127,0.283082971563302,0.19379342268898658
121,injured sarwan to miss one dayers,0.03240543299488697,0.008340743945072228,0.13181776071559703,0.3912297662112683,0.05214171098743511,0.3840645851457404
122,study napping might help heart,0.018611879057595985,0.003987063200457105,0.08912043074460274,0.33024498348229536,0.13512990155422858,0.42290574196082004
123,tailors and housewives busy as muslims celebrate eid,0.014545874926070608,0.004848624975356869,0.1504830725995995,0.5188101616213686,0.2010673776882403,0.11024488818936411
124,malaysia aggressively wooing tourists,0.42122476032622574,0.05208817937427729,0.1785094810408716,0.0,0.2511269758514006,0.09705060340722493
125,creating a whole album in a month,0.06786974050706703,0.10199679285671814,0.1474165617247109,0.19132929426502,0.1497008469900979,0.3416867636563858
126,wellcome awards anti fat research,0.060325760168583036,0.1859480653164572,0.08493222933344151,0.27405345551130456,0.183695485396511,0.21104500427370254
127,can t do this anymore not jack,0.11893445121092262,0.03015848345188487,0.1658048435847436,0.358728838571761,0.1324038532191356,0.19396952996155223
128,iran s boast on uranium enrichment is put to test,0.05804622119274151,0.03691031768950849,0.31913285190536494,0.14532112910478587,0.07392043473576833,0.366669045371831
129,iraq closes borders with syria and iran,0.08785870098100468,0.0919857032407014,0.14971486100641168,0.36894353524269713,0.11790813917403233,0.1835890603551528
130,in clue to addiction brain injury halts smoking,0.05946111343507606,0.007506529334013675,0.11349465522117505,0.3745651412999462,0.15742369747954396,0.28754886323024514
131,manning inspires giants to victory in dallas,0.051467265897795836,0.05958309754175435,0.08479401311279842,0.4279598260614075,0.15353147269873257,0.22266432468751143
132,research supports medicinal marijuana,0.42964992055703516,0.052275952254753344,0.017351312476585886,0.24897062154119962,0.08892547644250268,0.1628267167279234
133,iraq insurgents attack us base,0.21788412795079623,0.07298381797970553,0.29598428180583153,0.029421560725513746,0.3160083570196753,0.06771785451847764
134,fire extinguisher part of tennessee execution kit,0.07156757460299258,0.06772813963912441,0.2925342586422877,0.00494445565571513,0.3224789897632597,0.24074658169662064
135,city sets up ice storm shelters,0.019616377969671566,0.004037755533860769,0.25984252039190664,0.41293015141466405,0.1032246018021018,0.20034859288779508
136,gently weeps lyrics sheet up for sale,0.061101741952876536,0.027647149297645605,0.2157870854334458,0.343127367265802,0.07136493400883594,0.2809717220413941
137,cholesterol link in diabetes study,0.036075784034571796,0.0704938037636437,0.16769411708202828,0.2198832249847842,0.0774951748545825,0.42835789528038964
138,zoo polar bear to have root canal,0.10692932059734093,0.035928818569334525,0.19427327935150424,0.24108596688111794,0.19473577611867154,0.22704683848203058
139,howard slams obama on iraq policy,0.06291935063468035,0.03689596240144006,0.16068214317258206,0.4512556957345563,0.09362472417147234,0.1946221238852689
140,fight starts over hpv vaccine,0.059776061395415886,0.024442207651208765,0.1142640482465915,0.4145826108102013,0.12586996919592572,0.2610651027006569
141,obama announces presidential bid,0.038405957848758374,0.08295625926036328,0.035655700697724405,0.4877356584647828,0.14031647633582148,0.2149299473925494
142,another death at georgia aquarium,0.15354401282690233,0.029780171672611773,0.07308705441569557,0.0874531795996318,0.5129405736884398,0.1431950077967189
143,johnny depp to make movie of spy poisoning,0.0,0.03586860102950536,0.03773615820703727,0.6606668608361047,0.021792844622102143,0.24393553530525058
144,pap test a mainstay against cervical cancer may be fading,0.08521151296378136,0.03012499350811964,0.18842064224163632,0.2979352459072337,0.2044221890837303,0.19388541629549896
145,boy allegedly told to kill by mom gives up,0.06573232362551719,0.08381792937715621,0.2533642586724039,0.04288917466673524,0.28717059765044195,0.2670257160077455
146,catania punished for fan violence,0.1442498898423809,0.1088953082717436,0.13764901835796572,0.14985189999434742,0.2809834573303279,0.17837042620323454
147,the summit a slap in the face of the palestinians,0.054884782129394356,0.09367732132108865,0.282061142862058,0.11830506379488322,0.12433844248481968,0.32673324740775617
148,dead bachelors in remote china still find wives,0.031808811216125346,0.0023882354322892554,0.17183369457623057,0.16327676706821675,0.378892993068506,0.2517994986386321
149,boy missing since found alive,0.0386831218508917,0.003682002367335967,0.32255139676725425,0.16825733981171306,0.24750988076554872,0.2193162584372564
150,girl left comatose after dental visit dies,0.0,0.0,0.10627174765396805,0.15919592907865232,0.5316252431133888,0.20290708015399098
151,fine wines in british columbia,0.06679084322472173,0.05148250627865663,0.24174943655424755,0.29853303719516605,0.12406789207859395,0.21737628466861408
152,bollywood s brangelina engaged,0.10007637226067946,0.12031231799228927,0.1496114822481232,0.20726751022640075,0.19921630575869723,0.22351601151380993
153,north korea ready to discuss nuke disarmament,0.060710654094535216,0.008135238148859279,0.25070289481857205,0.46155410991844864,0.04012314325521634,0.17877395976436833
154,action intensity boosts vision,0.11563688081445715,0.0663804887960284,0.002276048910572619,0.2671776825802422,0.03884401496273968,0.50968488393596
155,stonehenge workers village found,0.05493392474279864,0.10270212395035253,0.1087879107878069,0.2430891954914662,0.12186158121814852,0.36862526380942734
156,scientists tout cocoa s health benefits,0.05787926095349522,0.043076551143285506,0.12186551808577933,0.305898594858882,0.11755221615853341,0.35372785880002444
157,can north korea be trusted,0.08326245007226922,0.006213419555688363,0.1977354436526298,0.37841033108317645,0.13199829738153274,0.20238005825470334
158,trailblazing trio protects city by the bay,0.104440509963172,0.08306528479481493,0.08393112735309172,0.2777169261317595,0.16685319260307185,0.2839929591540899
159,ganguly handed india squad call up,0.0,0.004311499002430137,0.03527104881083869,0.5337983657989623,0.14571180669711686,0.28090727969065193
160,beauticians cut curl offer stroke prevention info,0.049852430256009155,0.04186424877102935,0.26283501746169313,0.21092787437246902,0.22239677581368414,0.21212365332511504
161,studios sign off on movie downloads,0.08873271278208034,0.05227700830662091,0.15196573807178254,0.33949242626831433,0.2667552694971331,0.1007768450740689
162,global web of suspects in child rape download,0.13197377805550142,0.09092088105476098,0.2446512564780101,0.09562688762734549,0.27187602998080623,0.164951166803576
163,libby prosecutors await judge s rulings,0.24498541305616375,0.12119765645294747,0.15250710865128955,0.1680420082561306,0.09494055515776299,0.2183272584257055
164,police probe church fires half mile apart,0.14139468341620381,0.1001135964230232,0.2413462141332163,0.2027048176145967,0.2619495142087896,0.052491174204170384
165,second hanging also went awry iraq tape shows,0.11251622339180542,0.15015713134076636,0.16168275380392674,0.17854630840040367,0.11625698208104103,0.28084060098205693
166,stepping back in time at ski resort,0.10481933706903361,0.09516229708076059,0.17738787257521077,0.3342692011221698,0.13899842147059088,0.14936287068223394
167,iraqi journalists add laws to list of dangers,0.18220066456814774,0.07879391566055811,0.2120075402433478,0.09823607589254696,0.22726763628438187,0.2014941673510176
168,boy scouts blamed for starting wildfire,0.07384657371476211,0.042204814286171614,0.2932324662593207,0.07612766054856653,0.2853591159005078,0.22922936929067136
169,report links humans to global warming,0.10750796366954259,0.07385338016757097,0.1154917785918881,0.2508538598001666,0.32786752550198384,0.12442549226884796
170,stenson defends his title at dubai,0.02767345060360249,0.020544752575229825,0.038754880206745404,0.7360116417466859,0.07058971755392726,0.10642555731380916
171,iraqi linked to sunni bloc is held in plot military says,0.1438713165053572,0.06606116117022956,0.26767970021950344,0.22570718024873235,0.1419286139307038,0.1547520279254738
172,china launches two satellites into orbit,0.023485127965618583,0.0,0.04989325780197198,0.5461061576541293,0.008811474368495654,0.3717039822097845
173,north africa feared as staging ground for terror,0.08073960915328779,0.02726080470042737,0.20724223560711677,0.2042724626794256,0.31399891991729006,0.16648596794245224
174,breast cancer drug promises hope,0.013248089010903843,0.0,0.11910045585538401,0.411475070085576,0.14894537246044162,0.3072310125876945
175,mortar assault leaves at least dead,0.06882050872073811,0.019584715357651907,0.3155616580035891,0.05528292092607743,0.44923296078519265,0.09151723620675094
176,building a memorial to a son one child at a time,0.04823293680156174,0.09094117341857802,0.09328981904642715,0.1902138048837201,0.2302734913958078,0.34704877445390514
177,northeaster cancels flights shuts schools,0.3640316232469352,0.05476933776078901,0.24491457272882267,0.0,0.23735278760916756,0.09893167865428579
178,india to test new nuclear missile,0.12829478662822053,0.06574029359896119,0.34260683457298075,0.20386747781073555,0.11301829759578444,0.14647230979331746
179,dell to cut bonuses trim management,0.02915467817723169,0.0,0.13542606284551845,0.3820890603188888,0.20410832915381547,0.2492218695045457
180,uk workers on alert for letter bombs,0.049135582956415715,0.06532085866555647,0.14285777800607355,0.23330357600398893,0.06377953946783764,0.44560266490012795
181,storm leaves behind major travel troubles,0.06150039261943277,0.030166883416301884,0.3013707047862336,0.21687515229598914,0.2997333351489993,0.09035353173304328
182,rupert murdoch s secret tivo,0.052189791786774596,0.004941174479078745,0.10027719119032029,0.09488776857402063,0.2608273522700099,0.48687672169979573
183,house passes anti terrorism measure manila,0.095706800554521,0.0400022944807622,0.1522205043261543,0.28131219515582845,0.29178486763970457,0.13897333784302965
184,genghis khan beer mongolia grimaces,0.6094078118437631,0.0862182756344873,0.020319593608127837,0.0,0.10413791724165516,0.17991640167196657
185,youtube founders split m payout,0.0345694293669861,0.032225100570775565,0.06409847497592105,0.27679789174184233,0.2033871810957995,0.38892192224867544
186,former teacher poses for playboy,0.04340013556284061,0.0059145292426695615,0.1729316844791625,0.48773318951874767,0.1357075323882419,0.15431292880833755
187,madonna files adoption papers in malawi,0.0023749806662575583,0.0008264932718576302,0.004646649673532913,0.6395313589337169,0.012830101323228071,0.3397904161314069
188,eye on cosmos is lost to short circuit on hubble,0.06222749850378444,0.1020974783863725,0.10331963720826903,0.3818659149089506,0.047107608904644285,0.303381862087979
189,all african amputee football games kick off,0.0,0.0,0.0,0.6359320245601695,0.00753128697338957,0.3565366884664409
190,forecasters expect toasty,0.6094078118437631,0.0862182756344873,0.020319593608127837,0.0,0.10413791724165516,0.17991640167196657
191,corn stoves popping up in u s homes,0.05766192487557366,0.009919642721400173,0.3063388356821936,0.08007281732479313,0.28058639494770654,0.26542038444833305
192,chvez threatens to jail violators of price controls,0.24715307078704274,0.09442593147553154,0.12943105984337613,0.23209804860068306,0.0926760218292804,0.20421586746408607
193,scientists discover miracle in the depths,0.027687949346321808,0.036220752098514934,0.1799930946518625,0.3122035100191087,0.10577949888586129,0.3381151949983309
194,google unveils do it yourself search engine,0.004910444616923254,0.00873102639205758,0.12280738309733177,0.27789206709111386,0.17028780692655932,0.415371271876014
195,ready to eat chicken breasts recalled due to suspected listeria,0.06476090747959164,0.013572085687457863,0.21837781399077252,0.4177925170761141,0.057219110960435325,0.22827756480562883
196,teen allegedly armed by mom turns self in,0.18569956549630903,0.12496224838131754,0.15178289317438445,0.020289191550195953,0.3341715399800945,0.1830945614176985
197,town packs gym to mourn killed in fire,0.11320947550653795,0.014225696056441585,0.3192069408820291,0.06014823078045022,0.4541961608168217,0.039013495957719524
198,cocoa could be antidote to age related diseases says new study,0.031524676204279165,0.01050180228076537,0.17844562122499638,0.18899465249534317,0.4085552189734448,0.18197802882117117
199,roundup protests erupt despite state of siege in guinea,0.09497538228138253,0.06657341122418671,0.521210349406822,0.013537405402960528,0.2340034119637567,0.06970003972089168
200,bush authorized iranians arrest in iraq rice says,0.2172914834972614,0.16548089200123595,0.2893253795086657,0.030017888968951956,0.2256879434445673,0.07219641257931758
201,anglican and catholic churches could merge,0.03638826680754842,0.017445889106279856,0.0530561642183951,0.41202165581699024,0.08123964508913534,0.39984837896165093
202,cousin gunman was srebrenica survivor,0.0519,0.0,0.2468,0.0909,0.2208,0.3896
203,australia tells bush to speed up guantanamo trial,0.08581311964028927,0.02386658133072064,0.1966151335478698,0.28590142167881694,0.1645795835855903,0.24322416021671292
204,european space agency,0.44110541300639267,0.0536697539237049,0.03884197308666918,0.016816452688658796,0.09129644190811219,0.35826996538646233
205,the secrets people reveal,0.03362734444767415,0.021583975522872667,0.12402674536568563,0.3965545460674507,0.13450161164826038,0.2897057769480564
206,news baby pandas baby pandas baby pandas,0.11738870694694475,0.011068460993796709,0.06733946298853036,0.22133381169928157,0.2701303853039994,0.3127391720674474
207,health canada issues advice on canned tuna,0.10273636941432478,0.04844135766417591,0.33599598474588876,0.1944681536007899,0.14567501703443392,0.17268311754038668
208,grammys ready to name winners,0.2048856352621085,0.031916708798615454,0.09024949606449535,0.45762797986487475,0.0311780288795193,0.18414215113038662
209,asean urges north korea resolution,0.06530051058075832,0.008004970650752553,0.23560396667492634,0.46307141451062916,0.043069822807983306,0.1849493147749504
210,rebels to join nepal parliament,0.17836784368257141,0.04422762277524284,0.2253517875646689,0.21182325180285502,0.15087006758160584,0.18935942659305605
211,rice u s won t pull plug on iraq,0.23297821889943704,0.08090849442732537,0.3099719617363436,0.11705231090108914,0.1833677386683449,0.07572127536745976
212,anglicans rebuke u s branch on same sex unions,0.17251994886038644,0.12075219257253827,0.30868876392047173,0.12862004934387192,0.19701011005336086,0.07240893524937074
213,somalia declares state of emergency,0.08602330283422387,0.04882114765153087,0.48278777550777185,0.1128577131106431,0.19620705051535386,0.07330301038047635
214,hussein co defendants executed,0.3997617534350022,0.11099120603787113,0.07251889498951737,0.027966634750573666,0.266328881572582,0.1224326292144537
215,james brown s year old son left out of will,0.0255832568323132,0.08102676310200257,0.023745454374037408,0.4599576332112243,0.2719501201480263,0.1377367723323964
216,ms adds office to vista coupon program,0.03793393567137723,0.015169803128086554,0.03185142709803917,0.3269773713477524,0.177699979975135,0.4103674827796097
217,britain to limit workers from romania bulgaria,0.041539796286830334,0.05732008532599772,0.2318608219978556,0.2384903397265887,0.2092326146543266,0.22155634200840135
218,us airways boosts bid for delta,0.0,0.1786,0.0,0.3214,0.0357,0.4643
219,hpv vaccination stirs heated debate in america,0.15731396757346244,0.06747960406459086,0.1675895075376699,0.21378857310670427,0.24653905296942766,0.14728929474814467
220,full recovery expected for marathon winner,0.02195896905091396,0.0,0.17692502826917134,0.4865667315767514,0.17384511321214965,0.14070415789101395
221,beckham won t play again for real,0.09580508646647892,0.04852465619193185,0.14458506025800344,0.44466577457923706,0.12174674843934068,0.14467267406500792
222,cultural revolutionary the ipod is five,0.0,0.05900850376256993,0.12030304465171168,0.478467304775445,0.04166018384534305,0.30056096296493034
223,village buried by inches of snow,0.01427128331357933,0.0027902426564631213,0.2285179879475391,0.168747291332317,0.18535317837782966,0.40032001637227177
224,mountain glaciers melting faster united nations says,0.08519147806069642,0.024603781369999286,0.06623135974425685,0.29015361387435096,0.22882620078102456,0.304993566169672
225,ice storm smacks roads power,0.03301476577625747,0.017181245913217544,0.4281617390447704,0.02346328657594937,0.35954240647933283,0.1386365562104724
226,ex border patrol agent beaten in prison,0.20779048833554029,0.06276629754414259,0.13561034117986315,0.09737805649069348,0.14373120970938094,0.3527236067403794
227,israel to install cameras to show live mughrabi footage,0.2090200380833193,0.11538153741274336,0.13001573572379496,0.23432127704537584,0.14675050352194693,0.1645109082128195
228,latest updates on world s top stories,0.0,0.0,0.6667,0.0,0.0,0.3333
229,lily allen wins web music award,0.012703089820627938,0.003170691219228733,0.11160997092544069,0.6580120234638339,0.05490461915997568,0.1595996054108932
230,rowling heartbroken euphoric at potter s end,0.046121669230087196,0.0054831488804868555,0.11354371561497366,0.20939795599962044,0.4266058950004846,0.1988476152743473
231,hamas fatah leaders pledge to meet until they reach agreement,0.04625612139427423,0.030351242085220536,0.21520766689521892,0.26311653046420197,0.1334783055143584,0.31159013364672566
232,new vaccine for cervical cancer could prove useful in men too,0.018800423512470504,0.02918002933046701,0.13499597930645607,0.2547982350717723,0.13463557472359317,0.4275897580552412
233,mbeki world cup planning on track,0.058837771570417086,0.0,0.18527186632519807,0.282427265219243,0.029814078565203538,0.44364901831993825
234,money makeovers,0.6094078118437631,0.0862182756344873,0.020319593608127837,0.0,0.10413791724165516,0.17991640167196657
235,punter charged with stabbing asks to live outside state,0.16189207498881392,0.0685111337480937,0.44840009703777384,0.016512974367482378,0.256335075145376,0.04834864471246007
236,emi warns on profits boss goes,0.2555743471966134,0.1236334748995009,0.18557616546071212,0.1381152400093461,0.151017596352377,0.14608317608145036
237,gunman fine before shooting,0.11147299538415785,0.059158513780237225,0.24606539006797837,0.07250322774970502,0.30519099721233284,0.20560887580558854
238,svindal claims are golden double,0.09602707407240597,0.1973939841091762,0.16803521954462583,0.1506426006952139,0.25778225701836255,0.13011886456021554
239,ethiopia readies for millennium all its own,0.0,0.0,0.05258206945214914,0.5605828380172064,0.026281614792457202,0.3605534777381871
240,mancuso sparks u s celebrations,0.1869648501877779,0.024502348872656413,0.20629888776250044,0.2732753250082964,0.12966088785689164,0.17929770031187736
241,nasa spacecraft to measure sun,0.07521852085247054,0.032568406812162165,0.04710446841693646,0.3100229695960219,0.11054986955355994,0.42453576476884924
242,teen repellent inventor wins infamous prize,0.06110213916955075,0.038254651365475754,0.05509744369808329,0.5452431383424514,0.09533559291034757,0.20496703451409126
243,peron held over s rights abuses,0.24664882630676405,0.10651089140057526,0.19455144286085949,0.12194052067508945,0.1593062379549985,0.17104208080171332
244,kim jong il bans japanese cars in north korea,0.08351278967946547,0.006132619168460823,0.19794976970735495,0.377298212382087,0.13252371810178856,0.20258289096084303
245,canadians tracked in child porn ring,0.18880305462857175,0.24282416906529902,0.19781257630957708,0.05157567006805657,0.15292135248099298,0.16606317744750232
246,ryan o neal injured son s girlfriend,0.048836671745864646,0.09467464982327958,0.08208198818365889,0.4302609533567109,0.1412861002248104,0.20285963666567566
247,messi makes barcelona squad return,0.32444139231758473,0.013152358721762267,0.004851879721797465,0.4242047641405485,0.08386523250185601,0.14948437259645106
248,brith airways baggage charges cause confusion,0.2857696787871232,0.04312319697255167,0.03640068722953221,0.07760243844892559,0.10463566990587565,0.45246832865599174
249,a film star in kampala conjuring aminos ghost,0.10983045622202822,0.12208776518111815,0.02558800180676831,0.36032841934410237,0.10719283874104615,0.2749725187049369
250,opponent is put on the spot over remarks about clinton,0.01508093990477274,0.032796826507511596,0.12948823423808925,0.19613735771409269,0.17169351101579744,0.4548031306197363
251,apple set for massive market gains,0.1583078703190053,0.016101062596311475,0.1353627855803273,0.3255140142801048,0.2150056464733177,0.14970862075093358
252,vista s hyped security will be tested,0.03777205940796844,0.008384968534282958,0.2802642649534614,0.36497094840754096,0.22072478171182905,0.0878829769849169
253,dating difficult for harry potter,0.020029209502742954,0.04981959631848506,0.0878233445664398,0.33341136437069246,0.24624861602153805,0.2626678692201018
254,uk letter bombs may be from extremist drivers,0.04551424952524826,0.05195034058871457,0.09197290802389095,0.33045650422590367,0.13601640019736377,0.34408959743887874
255,bush vows cooperation on health care,0.17278487619196178,0.0965165411312708,0.14539476371464108,0.24286030964440938,0.16314656401457736,0.17929694530313955
256,baby born on turnpike after dad misses exit,0.016959230054392992,0.10934098220737598,0.0776322827290875,0.02199288101621263,0.5097336942894726,0.2643409297034584
257,parachutist dies at bridge jump festival,0.012257005246197083,0.0,0.1947217999279939,0.0,0.438488992608712,0.35453220221709714
258,citing spy agencies study democrats seek iraq changes,0.11314383942277888,0.18802469663203766,0.12350806196194251,0.11164447211214516,0.13971055963059403,0.32396837024050157
259,airlines uk airport runway unsafe,0.06801130931433638,0.046349846486447174,0.19488329167232257,0.18644255701615717,0.311510525333499,0.19280247017723756
260,man gets second chance at space ride,0.05214374201352013,0.059890216308702754,0.07734814058710206,0.3041817475052794,0.16568480361292737,0.34075134997246814
261,archaeologists find remains of couple locked in a hug,0.04858978798249291,0.026189042368732415,0.047168980076085255,0.3074892163410421,0.20334885491076302,0.3672141183208844
262,study detects a gene linked to alzheimer s,0.07764710179369805,0.17868194876596524,0.12152163325312308,0.052161472778822236,0.1624221834130168,0.40756565999537486
263,weight loss drug to be sold over the counter,0.12325349330107682,0.04402995928605988,0.07175585213615218,0.2251326688325298,0.19172721703286938,0.3441008094113119
264,zach braff says he has mild depression,0.04569417301938587,0.03125820640298947,0.05614454399554842,0.37033767290169506,0.19800001767183897,0.29856538600854216
265,apple warns itunes users to wait on vista,0.24322520166785352,0.047972075650836915,0.1273658394308182,0.008985685633381311,0.20209692359151513,0.3703542740255949
266,guy sweat is babe magnet,0.0,0.10396024877501991,0.0,0.12095163967553164,0.09639421003073513,0.6786939015187134
267,in egypt rice speaks softly,0.1232995556679434,0.09121177183107543,0.12990866271886303,0.2665260050683911,0.26529067955557006,0.12376332515815698
268,ex jonbenet suspect child porn case dropped,0.1350451613745668,0.14832532723503492,0.12974386505842236,0.04529557109139051,0.10542569605329823,0.4361643791872873
269,court tv accused killer tells jury a love story,0.09566128740042336,0.03253387558716667,0.06092273445392032,0.26048719584747654,0.2787711082420866,0.27162379846892654
270,us to urge nato afghan spring offensive,0.14975425940807288,0.03725728697781549,0.2667091571481804,0.2016012301149494,0.18081717979575496,0.16386088655522676
271,texan allegedly joined somalia rebel plot,0.37770951150851273,0.09458065302233079,0.1352555380348362,0.14182223152612433,0.1648282793575826,0.08580378655061344
272,tensions as hungary marks uprising,0.01518722348783351,0.005062407829277836,0.15898978100432745,0.2999796024384041,0.3229841126270815,0.1977968726130759
273,idf shells lebanese army positions across northern border,0.19937827042747033,0.08582223438961474,0.30586141983262966,0.0,0.3427346023358644,0.06620347301442103
274,north korea claims nuclear test,0.06521444482722671,0.008015155749670615,0.23580845541297776,0.4630609042449808,0.04306570993697811,0.18483532982816603
275,beckham to l a for the game not fame,0.0,0.0,0.0,0.9163046841191583,0.0,0.08369531588084149
276,hungary police tackle violent protestors,0.1952898656875754,0.12884744525963807,0.22092200074517399,0.22503010282728647,0.16395224247571435,0.06595834300461162
277,arthurs upsets robredo in first round at the st petersburg open,0.06291327959758676,0.03150331613887399,0.05993603659584693,0.5165929334902989,0.05139420812774468,0.2776602260496485
278,brazil air force cites faults and confusion in fatal crash,0.08904127525349687,0.019097475523898073,0.12623926262144083,0.02001489952001911,0.4680247043558414,0.2775823827253039
279,war is close ethiopia tells somali rebels,0.11923067831115396,0.019932115563832037,0.3364672279767068,0.08518300996347995,0.2415769795942188,0.1976099885906085
280,democrats plot bush troop increase censure,0.22991246418379707,0.18194835141122434,0.24356218097733756,0.020707198319982037,0.19756328277062907,0.12630652233702983
281,bangladesh ferry sinks dead,0.05573724836114051,0.0023803072661436934,0.3137670073195131,0.056320299795004684,0.4954748777386253,0.07632025951957272
282,sale of chrysler possible,0.03598527029143751,0.07887568569569499,0.1162183008007343,0.2194627936374383,0.24417694501872772,0.30528100455596724
283,lawyer for deceased nazi era collaborator papon vows to bury him,0.22527357157879127,0.1206565653688753,0.167988903784302,0.057904106816873115,0.3468198678390755,0.0813569846120828
284,mixed reaction to china s africa push,0.08093327411833029,0.03867229369659459,0.07361170620242206,0.41706780440539387,0.22248179742273463,0.1672331241545246
285,jon stewart mocks benefits of cnn s i,0.018368387697293233,0.054696132243515806,0.09440018126244576,0.33105868797955507,0.05724024835950396,0.44423636245768605
286,top colombia official resigns,0.06373042952475037,0.08878492769883721,0.23596089570683604,0.184410166998494,0.2873588106229071,0.13975476944817541
287,toshiba portege r,0.6094078118437631,0.0862182756344873,0.020319593608127837,0.0,0.10413791724165516,0.17991640167196657
288,luxury digs in south carolina s lowcountry,0.0,0.001474549208181449,0.12329226115811821,0.3287939446239869,0.288118860978446,0.2583203840312674
289,th person dies after receiving flu shot,0.012440107278142301,0.012440107278142301,0.07598709821353747,0.44859721052015883,0.2814051516194882,0.1691303250905308
290,bears watch as lead slips away,0.02894939942873961,0.04728759184094746,0.19185891488996445,0.36869182346315366,0.17877911946014402,0.18443315091705073
291,jail me i ate ivory coast chocolate,0.15531175702583622,0.06557743867371342,0.025438852781400904,0.4178214194218819,0.14367168373880632,0.19217884835836116
292,teacher charged with sex assault,0.146997444694575,0.21013771450384416,0.16919786801705974,0.11380175051649838,0.23755510543795236,0.12231011683007022
293,college tuition continues climbing,0.5247373508149241,0.05846850879693373,0.11129629570128523,0.0,0.2042672484647408,0.10123059622211626
294,matthews lays off turkey workers,0.14811358756956308,0.023158312527066297,0.16398337415433512,0.26269364722868693,0.2704311037412987,0.1316199747790498
295,space life search turns to tv,0.06852857725806763,0.11089970330488075,0.10958040571525207,0.1832968683593407,0.31970767738390676,0.20798676797855215
296,myspace welcomes french friends,0.0716989468523989,0.013220459811894856,0.02807987975272184,0.5058428546939945,0.05417911813212729,0.3269787407568626
297,hackers attack root servers,0.20972100766529841,0.11917152440319055,0.28296690800721847,0.09462120665499989,0.2408862722410182,0.05263308102827447
298,ice storm coating midwest,0.030402375387256823,0.004741894586401221,0.40151823365401024,0.07638391567870605,0.30469977673816256,0.18225380395546298
299,gop senators to force debate on troops in iraq,0.21570343440447576,0.09285822556613563,0.18561249859059756,0.17246895577194804,0.24181207769499038,0.09154480797185256
300,ex teacher guilty in nude pictures scheme,0.0835811044116418,0.053261797692217526,0.1883174162046709,0.1357739410127465,0.16259680635293322,0.3764689343257902
301,years on but couple still hugging,0.0485040113109371,0.034265093885642285,0.056622429425876974,0.45634202243106897,0.15038376820832053,0.25388267473815396
302,pats fourth quarter rally finishes chargers,0.4265751018103875,0.033845962393698616,0.18194978948702117,0.04884132413107006,0.12206764623569084,0.1867201759421319
303,review alpha dog misses the point,0.0,0.05482318068293273,0.01659954266553286,0.14692834367016436,0.36674957536830854,0.41489935761306146
304,andromeda involved in galactic collision,0.09568618437017176,0.05280890053764722,0.12616872588124456,0.2759771884822049,0.2746956458973795,0.17466335483135198
305,injured marathon winner leaves hospital,0.19762795259482738,0.0,0.06926205104210688,0.42144839711418636,0.2431914387709938,0.06847016047788561
306,kate is marrying doherty,0.041295108397038,0.0,0.1720023463327788,0.41396665813690664,0.034740253026183505,0.3379956341070932
307,baghdad plan is a success iraq prime minister tells bush,0.2310555395973052,0.1336888241979184,0.17857252418157904,0.11999156649761634,0.2260758959292252,0.1106156495963559
308,beckham outlines reasons for move,0.08678136937120783,0.045005511669233146,0.06093408150209524,0.5267843337878562,0.14824047592004902,0.1322542277495584
309,al qaeda chiefs are seen to regain power,0.0752766741870584,0.06804182143842237,0.43785887042952626,0.12549528509847385,0.1730617994036099,0.1202655494429094
310,start late retire rich,0.0424545473097963,0.03964496237350057,0.08476331160420979,0.4027111318070697,0.27372215652786647,0.15670389037755714
311,autos drive european gains,0.6094078118437631,0.0862182756344873,0.020319593608127837,0.0,0.10413791724165516,0.17991640167196657
312,immigrants and french reach deal in standoff,0.12445977386526196,0.051636473907854516,0.0,0.37148696558548205,0.09331985979616646,0.35909692684523525
